-- phpMyAdmin SQL Dump
-- version 5.2.1
-- https://www.phpmyadmin.net/
--
-- Host: 127.0.0.1
-- Generation Time: Jun 29, 2023 at 03:16 PM
-- Server version: 10.4.28-MariaDB
-- PHP Version: 8.0.28

SET SQL_MODE = "NO_AUTO_VALUE_ON_ZERO";
START TRANSACTION;
SET time_zone = "+00:00";


/*!40101 SET @OLD_CHARACTER_SET_CLIENT=@@CHARACTER_SET_CLIENT */;
/*!40101 SET @OLD_CHARACTER_SET_RESULTS=@@CHARACTER_SET_RESULTS */;
/*!40101 SET @OLD_COLLATION_CONNECTION=@@COLLATION_CONNECTION */;
/*!40101 SET NAMES utf8mb4 */;

--
-- Database: `template`
--

-- --------------------------------------------------------

--
-- Table structure for table `user_access_menu`
--

CREATE TABLE `user_access_menu` (
  `id` int(11) NOT NULL,
  `role_id` int(11) NOT NULL,
  `menu_id` int(11) NOT NULL
) ENGINE=InnoDB DEFAULT CHARSET=utf8mb4 COLLATE=utf8mb4_general_ci;

--
-- Dumping data for table `user_access_menu`
--

INSERT INTO `user_access_menu` (`id`, `role_id`, `menu_id`) VALUES
(1, 1, 1),
(2, 1, 2),
(3, 2, 2),
(4, 1, 3),
(5, 1, 4);

-- --------------------------------------------------------

--
-- Table structure for table `user_data`
--

CREATE TABLE `user_data` (
  `id` int(11) NOT NULL,
  `nama` varchar(255) NOT NULL,
  `email` varchar(255) NOT NULL,
  `image` varchar(255) NOT NULL,
  `password` varchar(255) NOT NULL,
  `role_id` int(11) NOT NULL,
  `date_created` int(11) NOT NULL
) ENGINE=InnoDB DEFAULT CHARSET=utf8mb4 COLLATE=utf8mb4_general_ci;

--
-- Dumping data for table `user_data`
--

INSERT INTO `user_data` (`id`, `nama`, `email`, `image`, `password`, `role_id`, `date_created`) VALUES
(1, 'Administrator', 'admin@admin.com', 'default.png', '$2y$10$8rthxiDbyg1bTblG18MGmuIydieuG00dymGqcpU7R3byBgXE4F1VG', 1, 1687945807),
(2, 'User', 'user@user.com', 'default.png', '$2y$10$gG4qNHjWgH2ZV.b3trzz8OJxQRL2b354yoclXjaMQUwQdldIYTemm', 2, 1687945815);

-- --------------------------------------------------------

--
-- Table structure for table `user_menu`
--

CREATE TABLE `user_menu` (
  `id` int(11) NOT NULL,
  `menu` varchar(255) NOT NULL
) ENGINE=InnoDB DEFAULT CHARSET=utf8mb4 COLLATE=utf8mb4_general_ci;

--
-- Dumping data for table `user_menu`
--

INSERT INTO `user_menu` (`id`, `menu`) VALUES
(1, 'Admin'),
(2, 'User'),
(3, 'Menu'),
(4, 'Submenu');

-- --------------------------------------------------------

--
-- Table structure for table `user_role`
--

CREATE TABLE `user_role` (
  `id` int(11) NOT NULL,
  `role` varchar(255) NOT NULL
) ENGINE=InnoDB DEFAULT CHARSET=utf8mb4 COLLATE=utf8mb4_general_ci;

--
-- Dumping data for table `user_role`
--

INSERT INTO `user_role` (`id`, `role`) VALUES
(1, 'Administrator'),
(2, 'Member');

-- --------------------------------------------------------

--
-- Table structure for table `user_sub_menu`
--

CREATE TABLE `user_sub_menu` (
  `id` int(11) NOT NULL,
  `menu_id` int(11) NOT NULL,
  `title` varchar(255) NOT NULL,
  `url` varchar(255) NOT NULL,
  `icon` varchar(255) NOT NULL
) ENGINE=InnoDB DEFAULT CHARSET=utf8mb4 COLLATE=utf8mb4_general_ci;

--
-- Dumping data for table `user_sub_menu`
--

INSERT INTO `user_sub_menu` (`id`, `menu_id`, `title`, `url`, `icon`) VALUES
(1, 1, 'Dashboard', 'admin', 'fas fa-fw fa-fire'),
(2, 1, 'Role Akses', 'admin/role', 'fas fa-fw fa-user-tie'),
(3, 1, 'Role User', 'admin/role_user', 'fas fa-fw fa-users'),
(4, 2, 'Profil Saya', 'user', 'fas fa-fw fa-user'),
(5, 2, 'Ubah Profil', 'user/ubah', 'fas fa-fw fa-user-edit'),
(6, 2, 'Ganti Kata Sandi', 'user/ganti_kata_sandi', 'fas fa-fw fa-key'),
(7, 3, 'Menu Management', 'menu', 'fas fa-fw fa-folder'),
(8, 4, 'Submenu Management', 'submenu', 'fas fa-fw fa-folder-open');

--
-- Indexes for dumped tables
--

--
-- Indexes for table `user_access_menu`
--
ALTER TABLE `user_access_menu`
  ADD PRIMARY KEY (`id`);

--
-- Indexes for table `user_data`
--
ALTER TABLE `user_data`
  ADD PRIMARY KEY (`id`);

--
-- Indexes for table `user_menu`
--
ALTER TABLE `user_menu`
  ADD PRIMARY KEY (`id`);

--
-- Indexes for table `user_role`
--
ALTER TABLE `user_role`
  ADD PRIMARY KEY (`id`);

--
-- Indexes for table `user_sub_menu`
--
ALTER TABLE `user_sub_menu`
  ADD PRIMARY KEY (`id`);

--
-- AUTO_INCREMENT for dumped tables
--

--
-- AUTO_INCREMENT for table `user_access_menu`
--
ALTER TABLE `user_access_menu`
  MODIFY `id` int(11) NOT NULL AUTO_INCREMENT, AUTO_INCREMENT=6;

--
-- AUTO_INCREMENT for table `user_data`
--
ALTER TABLE `user_data`
  MODIFY `id` int(11) NOT NULL AUTO_INCREMENT, AUTO_INCREMENT=3;

--
-- AUTO_INCREMENT for table `user_menu`
--
ALTER TABLE `user_menu`
  MODIFY `id` int(11) NOT NULL AUTO_INCREMENT, AUTO_INCREMENT=5;

--
-- AUTO_INCREMENT for table `user_role`
--
ALTER TABLE `user_role`
  MODIFY `id` int(11) NOT NULL AUTO_INCREMENT, AUTO_INCREMENT=3;

--
-- AUTO_INCREMENT for table `user_sub_menu`
--
ALTER TABLE `user_sub_menu`
  MODIFY `id` int(11) NOT NULL AUTO_INCREMENT, AUTO_INCREMENT=9;
COMMIT;

/*!40101 SET CHARACTER_SET_CLIENT=@OLD_CHARACTER_SET_CLIENT */;
/*!40101 SET CHARACTER_SET_RESULTS=@OLD_CHARACTER_SET_RESULTS */;
/*!40101 SET COLLATION_CONNECTION=@OLD_COLLATION_CONNECTION */;
